Rank,SKU,Item Name,Shop Price,Recommended Retail Price,Deals,Available Colors,Overall Rating,Number of Reviews,True Fit Percentage,Too Small Percentage,Too Large Percentage
1,469185706,Floral Midi Wrap Dress - Green M,20.99,27.92,No viewable deal,Green; BLACK; RED,5,31,77.42%,9.68%,12.90%
2,466402701,ZAFUL Cowl Front Ditsy Floral Cami Dress - Red S,15.99,23.51,No viewable deal,Red; DEEP BLUE; YELLOW,4.9,56,82.14%,12.50%,5.36%
3,461000702,ZAFUL Ditsy Dot Cami Flounce Wrap Dress - Red M,16.99,21.43,No viewable deal,Red; BLACK; LIGHT ORANGE; WHITE,5,183,89.01%,8.24%,2.75%
4,461101901,ZAFUL Flounce Floral Print Cami Dress - Black S,13.37,21.14,No viewable deal,Black; BABY BLUE; CRYSTAL CREAM; PIG PINK,4.9,207,83.80%,9.50%,6.70%
5,463387801,ZAFUL Criss Cross Floral Ruffles Mini Dress - Yellow S,16.49,22.43,No viewable deal,Yellow; PINK; PURPLE; WHITE,5,56,98.08%,1.92%,0.00%
6,463834701,Ditsy Print Flounce Hem Mini Dress - Pale Blue Lily S,7.99,22.75,No viewable deal,Pale; CHESTNUT RED,4.9,96,83.33%,7.29%,9.38%
7,469053402,Ditsy Floral Slit Midi Tea Dress - Blue M,18.99,27.92,No viewable deal,Blue,5,34,91.18%,5.88%,2.94%
8,463017701,ZAFUL Floral Lace Panel Backless Cami Dress - Milk White S,19.99,29.99,No viewable deal,Milk,5,6,100.00%,0.00%,0.00%
9,249791702,Floral Slit Smocked Off Shoulder Midi Dress - Yellow M,23.99,34.57,No viewable deal,Yellow; LIGHT GREEN,4.9,682,95.19%,2.40%,2.40%
10,466533901,Ditsy Print Puff Sleeve Milkmaid Dress - Red S,19.99,31.58,No viewable deal,Red; GREEN; YELLOW,4.9,136,89.55%,5.97%,4.48%
11,462765202,ZAFUL Floral Tie Front Smocked Tube Dress - Tiger Orange M,19.52,35.99,No viewable deal,Tiger,4.9,121,94.12%,3.92%,1.96%
12,462064801,Olivia Messler X ZAFUL Ditsy Print Tie Shoulder Sleeveless Dress - Sea Turtle Green S,13.09,22.93,No viewable deal,Sea; SUN YELLOW,4.9,463,91.72%,5.23%,3.05%
13,462141801,ZAFUL Floral Tie Shoulder Slit Cami Dress - Mauve S,14.99,21.89,No viewable deal,Mauve; BLACK; DEEP GREEN,4.9,86,86.05%,5.81%,8.14%
14,464627505,V Neck Tiny Floral Wrap Dress - Red M,20.49,31.76,No viewable deal,Red; GREEN,4.8,354,77.57%,17.13%,5.30%
15,463673601,Back Zipper Floral Mini Milkmaid Dress - White S,22.99,35.86,No viewable deal,White,4.9,57,75.44%,7.02%,17.54%
16,464652909,ZAFUL Floral Print Tie Shoulder Bodycon Dress - Light Sky Blue S,14.49,23.04,No viewable deal,Light; BLACK; PINK,4.9,125,95.16%,2.42%,2.42%
17,464651802,ZAFUL Sunflower Pattern Backless Slip Dress - Black M,16.49,25.56,No viewable deal,Black,4.9,78,96.15%,2.56%,1.28%
18,469194206,Ditsy Print Ruffle Wrap Dress - Yellow M,23.49,35.7,No viewable deal,Yellow; BLACK,5,22,86.36%,4.55%,9.09%
19,272094601,Floral Criss Cross Ruffles Mini Dress - Deep Blue S,24.49,37.47,No viewable deal,Deep; BLACK; GREEN; RED,5,451,88.96%,6.44%,4.60%
20,463254301,ZAFUL Floral Print Ruffles Mini Wrap Dress - Multi S,16.49,23.75,No viewable deal,Multi,5,93,86.96%,10.87%,2.17%
21,467674401,Criss Cross Open Back Floral Dress - White S,15.99,25.26,No viewable deal,White; LIGHT BLUE; LIGHT PINK,4.8,21,85.71%,9.52%,4.76%
22,467312301,ZAFUL Ditsy Floral Smocked Back Cami Mini Dress - Green S,17.99,25.01,No viewable deal,Green; DEEP RED; DEEP YELLOW,4.9,52,100.00%,0.00%,0.00%
23,470617601,ZAFUL Flower Jacquard Cowl Front Mini Dress - Light Green S,17.99,27.52,No viewable deal,Light,N/A,N/A,N/A,N/A,N/A
24,469018701,Flutter Sleeve Floral Wrap Mini Dress - Black S,15.99,25.1,No viewable deal,Black; DEEP BLUE; LIGHT COFFEE,5,19,78.95%,10.53%,10.53%
25,461094901,ZAFUL Ditsy Floral Off Shoulder Tie Dress - Multi-b S,15.99,24.63,No viewable deal,Multi-b; LIGHT SALMON; MUSTARD; RED,4.9,155,89.68%,5.16%,5.16%
26,470840802,Floral Shirred Back Front Pocket Cami Dress - White M,17.99,27.16,No viewable deal,White,N/A,N/A,N/A,N/A,N/A
27,465167201,ZAFUL Ditsy Print Slit Mini Dress - Khaki Rose S,13.49,20.24,No viewable deal,Khaki; CHOCOLATE; DEEP BLUE; LIGHT SKY BLUE,5,85,87.06%,9.41%,3.53%
28,468916101,Ditsy Print Plunging A Line Tea Dress - Deep Blue S,19.49,29.24,No viewable deal,Deep,4.9,18,88.24%,11.76%,0.00%
29,465878610,ZAFUL Ditsy Floral Criss Cross Cinched Tie Dress - Deep Red M,15.99,22.39,No viewable deal,Deep; LIGHT GREEN; YELLOW,5,41,82.93%,9.76%,7.32%
30,466586202,Flutter Sleeve Ditsy Floral Wrap Dress - Blue Koi M,21.49,33.52,No viewable deal,Blue; LIGHT PURPLE; RED; YELLOW,4.9,71,74.65%,16.90%,8.45%
31,465167501,ZAFUL Floral Print Ruched Mini Dress - Multi S,19.49,30.4,No viewable deal,Multi,N/A,N/A,N/A,N/A,N/A
32,469320902,Ditsy Floral A Line Wrap Dress - Light Green M,20.49,31.14,No viewable deal,Light,5,3,66.67%,33.33%,0.00%
33,470074001,Ribbed Ditsy Floral Lace Trim Dress - White S,14.49,19.71,No viewable deal,White,5,3,100.00%,0.00%,0.00%
34,466875202,Ditsy Hearts Flounce Tie Sleeve Keyhole Dress - Black M,18.99,29.81,No viewable deal,Black,5,55,87.27%,9.09%,3.64%
35,468915901,Ditsy Floral Ruff Collar Flutter Sleeve Dress - Deep Red S,19.49,26.31,No viewable deal,Deep,5,5,100.00%,0.00%,0.00%
36,469191902,Ditsy Floral Puff Sleeve Flounce Midi Tea Dress - Light Green M,20.99,27.71,No viewable deal,Light,5,7,85.71%,0.00%,14.29%
37,461131206,ZAFUL Floral Tied Ruffle Off Shoulder Mini Dress - White M,14.99,20.95,No viewable deal,White; BEE YELLOW; DEEP BLUE,4.9,171,88.65%,7.80%,3.55%
38,468140202,Ditsy Floral Ruffle Flutter Sleeve Wrap Dress - Yellow S,19.99,27.39,No viewable deal,Yellow,4.9,14,85.71%,0.00%,14.29%
39,465805601,Bohemian Flower Print Halter Mini Dress - Cadetblue S,12.99,20,No viewable deal,Cadetblue,5,1,100.00%,0.00%,0.00%
40,466952901,ZAFUL Ditsy Print Ruffle Knot Sundress - Green S,16.99,22.77,No viewable deal,Green,5,14,100.00%,0.00%,0.00%
41,465649809,Tiny Floral Buttoned Drawstring Dress - Red S,20.49,28.48,No viewable deal,Red; BLACK; GREEN,5,62,83.05%,5.08%,11.86%
42,464142501,Ruffle Waist Cutout Floral Dress - Multi-a S,19.99,28.59,No viewable deal,Multi-a,5,68,91.18%,5.88%,2.94%
43,466879301,Tie Floral Bodycon Dress - Deep Blue S,12.68,19.71,No viewable deal,Deep; GREEN; LIGHT BLUE; PINK,5,166,94.44%,1.85%,3.70%
44,264222701,Button Sunflower Print Midi Dress - Multi S,21.73,34.06,No viewable deal,Multi,4.9,790,92.64%,1.36%,6.01%
45,465723602,ZAFUL Ditsy Print Back Tie Slit Mini Dress - Medium Forest Green M,14.49,22.02,No viewable deal,Medium,N/A,N/A,N/A,N/A,N/A
46,468890801,Ditsy Floral Cap Sleeve Slit Dress - Light Yellow S,19.49,26.31,No viewable deal,Light,N/A,N/A,N/A,N/A,N/A
47,466131601,ZAFUL Ditsy Print Puff Sleeve Milkmaid Dress - Light Blue S,16.49,23.75,No viewable deal,Light,5,15,93.33%,0.00%,6.67%
48,466363308,Ditsy Floral Mini Wrap Dress - Deep Green M,21.49,31.81,No viewable deal,Deep; CHESTNUT RED; LIGHT PURPLE,4.9,38,65.79%,28.95%,5.26%
49,465664609,ZAFUL Tie Shoulder Ditsy Print Mini Dress - Red Wine S,12.82,23.04,No viewable deal,Red; BLACK; SHAMROCK GREEN; YELLOW,4.9,76,89.33%,6.67%,4.00%
50,251413701,Tiny Floral Ruffle Mini Wrap Dress - Chestnut Red M,23.49,33.83,No viewable deal,Chestnut; PEACOCK BLUE,4.9,690,80.88%,15.97%,3.15%
51,470074602,Empire Waist Gather Sleeve Ditsy Floral Dress - Blue M,16.49,24.57,No viewable deal,Blue,5,7,100.00%,0.00%,0.00%
52,465114709,ZAFUL Tiny Floral Print Bowknot Milkmaid Dress - Light Green S,15.99,23.51,No viewable deal,Light; DEEP BLUE; YELLOW,4.9,21,71.43%,28.57%,0.00%
53,466644702,ZAFUL Tie  Ditsy Print Cami Dress - Sun Yellow M,13.64,24.63,No viewable deal,Sun,5,9,87.50%,0.00%,12.50%
54,464652701,ZAFUL Ditsy Print Tie Shoulder Backless Dress - Black S,12.64,22.46,No viewable deal,Black; LIGHT SKY BLUE; PINK; WHITE,5,41,100.00%,0.00%,0.00%
55,465062301,ZAFUL Ditsy Print Tie Shoulder Bodycon Dress - White S,15.49,21.84,No viewable deal,White,5,1,100.00%,0.00%,0.00%
56,463986301,ZAFUL Flower Slit Cowl Front Mini Dress - Cadetblue S,14.49,18.98,No viewable deal,Cadetblue,N/A,N/A,N/A,N/A,N/A
57,470096802,Ditsy Floral Ruffle Cuff Long Sleeve Dress - Light Yellow M,20.49,32.78,No viewable deal,Light,5,2,100.00%,0.00%,0.00%
58,466732601,ZAFUL Flower Smocked Ruffle Tie Shoulder Dress - Red S,16.86,29.82,No viewable deal,Red,N/A,N/A,N/A,N/A,N/A
59,469189401,Tiny Floral Print Tie Knot Belted Dress - Light Pink S,21.49,28.8,No viewable deal,Light; BLUE,5,6,100.00%,0.00%,0.00%
60,467836806,ZAFUL Tie Shoulder Ditsy Print Dress - Deep Blue M,19.49,26.51,No viewable deal,Deep; RED; SEA GREEN,4.9,30,90.00%,3.33%,6.67%
61,376263026,ZAFUL Ruffles Half Buttoned Floral Dress - Light Coffee M,14.5,23.96,No viewable deal,Light; DEEP BLUE; LIGHT AQUAMARINE,4.9,305,78.30%,12.74%,8.96%
62,261346002,Ruffles Overlap Mini Dress - Grapefruit M,21.99,30.57,No viewable deal,Grapefruit,4.9,732,81.61%,15.43%,2.96%
63,465585901,ZAFUL Flower Surplice Criss Cross Flounce Cami Dress - Sakura Pink S,15.99,22.07,No viewable deal,Sakura,0,3,0.00%,0.00%,0.00%
64,464427104,ZAFUL Flower Button Down Cami Dress - Black Xl,20.99,30.23,No viewable deal,Black,5,2,100.00%,0.00%,0.00%
65,469885902,ZAFUL Ditsy Print Plunge Ruffle Wrap Dress - Red M,18.99,27.73,No viewable deal,Red,N/A,N/A,N/A,N/A,N/A
66,464330701,ZAFUL Tiny Floral Ruffles Asymmetric Cami Dress - Pale Blue Lily S,22.49,32.39,No viewable deal,Pale,5,1,100.00%,0.00%,0.00%
67,463272513,ZAFUL Ditsy Floral Button Up Mini Dress - Red Wine S,17.99,26.63,No viewable deal,Red; MEDIUM SEA GREEN; YELLOW,4.9,45,82.22%,15.56%,2.22%
68,468188701,Cami Ditsy Floral Ruffles Wrap Dress - Deep Green S,17.99,26.9,No viewable deal,Deep,4.9,8,75.00%,0.00%,25.00%
69,464838802,Ditsy Floral Smocked Frilled Cami Summer Dress - Baby Blue M,18.99,26.02,No viewable deal,Baby,5,53,96.23%,3.77%,0.00%
70,461778501,ZAFUL Floral Smocked Slit Puff Sleeve A Line Dress - Denim Blue S,19.41,29.25,No viewable deal,Denim,4.9,49,93.88%,0.00%,6.12%
71,465963101,ZAFUL Ditsy Print Ruffle Wrap Sundress - Lava Red S,16.49,24.74,No viewable deal,Lava,N/A,N/A,N/A,N/A,N/A
72,468160901,ZAFUL Ditsy Print Tie Shoulder Mini Bodycon Dress - White S,9.41,20.77,No viewable deal,White,N/A,N/A,N/A,N/A,N/A
73,468186002,Smocked Floral Cami Dress - Deep Red M,21.49,32.02,No viewable deal,Deep,4.8,6,100.00%,0.00%,0.00%
74,463533302,ZAFUL Ruffles Tiny Floral Asymmetric Wrap Dress - Light Green M,25.49,36.45,No viewable deal,Light; CADETBLUE; RED,4.9,26,92.31%,7.69%,0.00%
75,467193702,Ditsy Print Tiered Butterfly Sleeve Surplice Dress - Red M,17.99,28.6,No viewable deal,Red,4.8,5,100.00%,0.00%,0.00%
76,466957505,Ditsy Print Flounce Button Placket Sundress - Black S,17.07,26.31,No viewable deal,Black; GREEN; PURPLE; YELLOW,5,79,82.28%,3.80%,13.92%
77,470726301,Ditsy Floral Print Tie Ruffle Asymetrical Sundress - Deep Blue S,21.49,31.59,No viewable deal,Deep,N/A,N/A,N/A,N/A,N/A
78,464952101,ZAFUL Floral Print Flounce Mini Dress - Red Wine S,16.49,24.08,No viewable deal,Red,N/A,N/A,N/A,N/A,N/A
79,469026501,Flower Print Cutout Keyhole Flare Dress - White S,15.33,27.74,No viewable deal,White,5,1,100.00%,0.00%,0.00%
80,468892202,Ditsy Print Knot Puff Sleeve Tea Dress - Black M,13.33,25.72,No viewable deal,Black,4.8,6,83.33%,16.67%,0.00%
81,468499802,ZAFUL Dragon Bird Print Oriental Cinched Bodycon Dress - White M,12.69,22.77,No viewable deal,White,5,6,100.00%,0.00%,0.00%
82,467861103,Floral Leaf Frilled Puff Sleeve Milkmaid Dress - Green M,24.99,36.74,No viewable deal,Green,5,20,89.47%,0.00%,10.53%
83,464609202,ZAFUL Ditsy Print Poet Sleeve Flippy Hem Dress - Light Green M,19.49,29.04,No viewable deal,Light; RED,4.9,41,63.41%,24.39%,12.20%
84,462147201,ZAFUL Ditsy Print Cupped Open Back Mini Dress - Rose S,11.9,19.43,No viewable deal,Rose; BLACK; SKY BLUE; WHITE,5,78,83.33%,10.26%,6.41%
85,466002405,Tie Shoulder Ditsy Floral Lettuce Trim Mini Dress - Red M,24.99,29.69,No viewable deal,Red; WHITE,4.9,51,84.31%,7.84%,7.84%
86,465067602,ZAFUL Floral Smocked Flounce Cami Dress - Black M,20.49,32.17,No viewable deal,Black,4.9,27,100.00%,0.00%,0.00%
87,470726501,Ditsy Floral Print Tie Tiered Sleeve Dress - Green S,22.99,34.71,No viewable deal,Green,N/A,N/A,N/A,N/A,N/A
88,469906702,ZAFUL Plum Blossom Jacquard Oriental Cami Slit Dress - Blue M,19.49,25.73,No viewable deal,Blue,N/A,N/A,N/A,N/A,N/A
89,464462202,ZAFUL Floral Print Twist Slit Maxi Dress - Black M,23.99,34.31,No viewable deal,Black,5,2,100.00%,0.00%,0.00%
90,470178402,Ditsy Print Smocked Neck Flare Sleeve Dress - Red M,21.49,32.88,No viewable deal,Red,5,1,100.00%,0.00%,0.00%
91,465789508,ZAFUL Sports Floral Printed Dress - Cadetblue Xl,12.99,18.19,No viewable deal,Cadetblue; YELLOW,5,32,78.12%,15.62%,6.25%
92,469205601,ZAFUL Open Back Belted Daisy Print Mini Dress - Light Green S,23.99,35.99,No viewable deal,Light,5,1,100.00%,0.00%,0.00%
93,466174801,ZAFUL Ditsy Print Tie Shoulder Backless Mini Dress - Black S,9.67,23.04,No viewable deal,Black,4.8,5,100.00%,0.00%,0.00%
94,466168501,ZAFUL Backless Ditsy Print Tie Shoulder Dress - Pistachio Green S,13.99,22.24,No viewable deal,Pistachio,4.8,6,100.00%,0.00%,0.00%
95,467629701,Ditsy Print Tied Keyhole Mini Dress - Pastel Blue S,19.99,26.99,No viewable deal,Pastel,5,19,89.47%,5.26%,5.26%
96,462277402,ZAFUL Ditsy Print One Shoulder Overlap Flounce Hem Dress - Blue M,13.98,24.62,No viewable deal,Blue; DARK SEA GREEN; LIVING CORAL; MUSTARD,5,70,87.14%,5.71%,7.14%
97,461176701,ZAFUL Ditsy Floral Surplice Mini Belted Dress - Blue S,17.99,29.62,No viewable deal,Blue,5,67,79.10%,8.96%,11.94%
98,469155801,ZAFUL Velvet Sparkly Flower Bodycon Dress - Black S,12.35,18.98,No viewable deal,Black,5,7,100.00%,0.00%,0.00%
99,469321001,Ditsy Print Tie Ruffle Backless Peplum Dress - Light Blue S,18.49,24.96,No viewable deal,Light,5,3,0.00%,0.00%,100.00%
100,465618601,ZAFUL Ditsy Floral Tie Cami Summer Dress - Pistachio Green S,13.99,22.1,No viewable deal,Pistachio,5,9,100.00%,0.00%,0.00%
101,468689801,Flower Lace Panel Padded Criss Cross Cami Dress - White S,19.99,29.39,No viewable deal,White,4.9,14,78.57%,0.00%,21.43%
102,463089503,ZAFUL Smocked Back Ditsy Floral Cami Dress - Sea Turtle Green L,16.99,26.22,No viewable deal,Sea; CADETBLUE,5,19,84.21%,0.00%,15.79%
103,467683302,Floral Lettuce Trim Midi Dress - White M,14.5,27.88,No viewable deal,White,4.8,5,60.00%,40.00%,0.00%
104,467685901,Strappy Lettuce Trim Floral Cami Dress - Apricot S,23.49,32.42,No viewable deal,Apricot,4.9,22,77.27%,9.09%,13.64%
105,464155302,Floral Embroidered Mesh Mini Cami Dress - Multi-a M,14.99,23.35,No viewable deal,Multi-a,5,9,77.78%,0.00%,22.22%
106,464381801,Cut Out Back Ditsy Floral Slit Midi Dress - Green M,23.99,36.64,No viewable deal,Green,4.9,15,73.33%,20.00%,6.67%
107,470692501,Floral Lantern Sleeve Mini Dress - Black S,23.99,36.7,BUY 3 GET 20% OFF  BUY 4 GET 25% OFF,Black,N/A,N/A,N/A,N/A,N/A
108,466793101,ZAFUL Ditsy Print Smocked Bandeau Mermaid Dress - Lilac S,22.49,34.41,No viewable deal,Lilac,5,1,100.00%,0.00%,0.00%
109,463518001,ZAFUL Cami Ditsy Floral Tie Back Maxi Dress - Multi-a S,22.99,32.88,No viewable deal,Multi-a,N/A,N/A,N/A,N/A,N/A
110,462994401,ZAFUL Flower Criss Cross Slit Empire Waist Dress - Khaki Rose S,22.99,36.78,No viewable deal,Khaki,5,2,100.00%,0.00%,0.00%
111,469294602,Belted Leaves Floral Tie Shoulder Midi Dress - Red M,18.57,29.03,No viewable deal,Red,N/A,N/A,N/A,N/A,N/A
112,468716101,Rose Tie Collar Cami Mini Dress - Green S,11.49,20.71,No viewable deal,Green,4,1,100.00%,0.00%,0.00%
113,466112601,ZAFUL Ditsy Floral Tie Smocked Cami Flounce Dress - Yellow S,15.43,29.1,No viewable deal,Yellow,5,5,100.00%,0.00%,0.00%
114,467705801,Floral Ruffles Overlap Midi Dress - White S,24.99,39.73,No viewable deal,White,5,14,78.57%,14.29%,7.14%
115,467673401,Flower Print Slit Poet Sleeve Mandarin Dress - White S,23.49,36.64,No viewable deal,White,5,3,100.00%,0.00%,0.00%
116,464402601,Flower Cap Sleeve Slit Cheongsam Dress - Macaw Blue Green S,23.99,31.45,No viewable deal,Macaw,4.9,35,82.86%,8.57%,8.57%
117,465736706,Tiny Floral Print A Line Wrap Dress - Red Wine M,21.93,32.74,No viewable deal,Red; DEEP BLUE,4.9,15,93.33%,6.67%,0.00%
118,460176404,ZAFUL Ditsy Floral Surplice A Line Belted Dress - Multi Xl,16.69,32.02,No viewable deal,Multi,5,28,92.86%,3.57%,3.57%
119,464667003,Belted Ditsy Floral Surplice Mini Dress - Multi-a L,16.99,28.49,No viewable deal,Multi-a,4.9,34,88.24%,5.88%,5.88%
120,463069906,Smocked Open Back Tie Collar Floral Milkmaid Dress - Black L,23.49,31.71,No viewable deal,Black; YELLOW,4.9,21,95.24%,0.00%,4.76%
121,459218702,ZAFUL Flower Poet Sleeve Mini Wrap Dress - Black M,20.49,32.58,No viewable deal,Black,4.9,23,91.30%,8.70%,0.00%
122,467049501,ZAFUL Ditsy Print Tie Shoulder Backless Flounce Hem Dress - Day Sky Blue S,20.49,32.17,No viewable deal,Day,N/A,N/A,N/A,N/A,N/A
123,465879702,ZAFUL Ditsy Floral Cami Summer Dress - Cherry Red M,13.49,19.43,No viewable deal,Cherry,N/A,N/A,N/A,N/A,N/A
124,469836101,Ditsy Floral Smocked Back Puff Sleeve Milkmaid Dress - Light Blue S,18.49,28.29,No viewable deal,Light,5,1,100.00%,0.00%,0.00%
125,469198006,Tiny Floral Print Sleeveless Tiered Dress - Green M,20.49,31.76,No viewable deal,Green; RED,5,3,100.00%,0.00%,0.00%
126,468288501,ZAFUL Dragon Floral Print Slip Dress - Black S,10.06,17.54,No viewable deal,Black,5,3,100.00%,0.00%,0.00%
127,465209601,Tiny Flower Belted Ruffled Hem Mini Cami Dress - Purple S,12.59,30.01,No viewable deal,Purple,5,1,100.00%,0.00%,0.00%
128,466316702,ZAFUL Flower Applique Smocked Backless Crinkle Dress - White M,19.49,30.01,No viewable deal,White,5,1,100.00%,0.00%,0.00%
129,466071002,ZAFUL Ditsy Print Mock Button Puff Sleeve Dress - Green M,16.29,25.15,No viewable deal,Green,5,4,50.00%,25.00%,25.00%
130,467874801,ZAFUL Ditsy Print Ruffle Ruched Mini Dress - Rose S,19.49,26.9,No viewable deal,Rose,5,3,66.67%,0.00%,33.33%
131,462573009,ZAFUL Tiered Ditsy Print Sundress - Dodger Blue S,17.99,28.39,No viewable deal,Dodger; BLACK,4.7,6,100.00%,0.00%,0.00%
132,466875703,Ditsy Floral Plunging Flounce Button Front Dress - Black L,18.99,26.02,No viewable deal,Black,5,3,66.67%,33.33%,0.00%
133,465054107,ZAFUL Sunflower Print Bodycon Mini Dress - Black L,12.99,18.06,No viewable deal,Black; WHITE,5,47,89.13%,4.35%,6.52%
134,465656611,Off Shoulder Tiny Floral Tied Dress - Red Xl,24.99,32.08,No viewable deal,Red; DEEP BLUE; GREEN,5,13,84.62%,0.00%,15.38%
135,467067302,ZAFUL Ditsy Print Mini A Line Dress - Light Salmon M,20.99,30.38,No viewable deal,Light,4.8,14,91.67%,0.00%,8.33%
136,463751702,ZAFUL Flower Slit Maxi Surplice Dress - Red Wine M,17.99,27.52,No viewable deal,Red; BLACK,4.9,35,94.29%,5.71%,0.00%
137,464766201,Ruffles Smocked Waist Floral Cami Dress - Multi-a S,19.41,38.48,No viewable deal,Multi-a,4.8,9,100.00%,0.00%,0.00%
138,465992702,ZAFUL Ditsy Print Ruffle Butterfly Sleeve Tulip Dress - Yellow M,20.49,27.66,No viewable deal,Yellow; BLACK; RED; SEA TURTLE GREEN,4.9,26,80.77%,7.69%,11.54%
139,463069801,Flutter Sleeve Floral Wrap Mini Dress - Multi S,18.66,30.58,No viewable deal,Multi,5,12,100.00%,0.00%,0.00%
140,461648102,ZAFUL Daisy Floral Slit Cami Mini Dress - Black M,12.99,19.36,No viewable deal,Black; DEEP BLUE,4.8,85,72.73%,5.45%,21.82%
141,461153401,Floral Layered Ruffled Surplice Chiffon Dress - Black S,20.89,34.53,No viewable deal,Black,4.9,13,84.62%,0.00%,15.38%
142,470725002,Ditsy Print Ruffle Cuff Square Neck Dress - Green M,22.49,31.26,No viewable deal,Green; RED,N/A,N/A,N/A,N/A,N/A
143,373959601,ZAFUL Ditsy Print Knot Cutout Ruffle Cami Dress - Deep Blue S,13.99,21.38,No viewable deal,Deep,N/A,N/A,N/A,N/A,N/A
144,465374202,ZAFUL Floral Print Bodycon Dress - Lava Red M,10.99,16.27,No viewable deal,Lava,5,4,75.00%,0.00%,25.00%
145,469823602,Ditsy Floral Tied Ruffle Hem Sleeveless Maxi Dress - Light Pink M,21.99,34.52,No viewable deal,Light,N/A,N/A,N/A,N/A,N/A
146,469295501,Flower Print Half Button Flounce Hem Dress - Yellow S,14.7,24.41,No viewable deal,Yellow,5,1,100.00%,0.00%,0.00%
147,469196101,Sleeveless Daisy Print Tie Shoulder Dress - Black S,13.63,31.55,No viewable deal,Black; GREEN,4,1,100.00%,0.00%,0.00%
148,464471601,Smocked Back Bohemian Ditsy Floral Cami Dress - Multi-a S,17.75,31.69,No viewable deal,Multi-a,5,1,100.00%,0.00%,0.00%
149,468148402,Floral Off Shoulder Buttoned Smocked Dress - Deep Blue M,19.66,35.63,No viewable deal,Deep,5,2,100.00%,0.00%,0.00%
150,468028604,Floral Tie Front Puff Sleeve Mini Dress - Green Xl,19.99,30.98,No viewable deal,Green,5,8,75.00%,25.00%,0.00%
151,462624604,ZAFUL Shirred Waist Ditsy Print Dress - Red Wine Xl,16.99,26.24,No viewable deal,Red,5,21,95.24%,0.00%,4.76%
152,468140502,Cami Ruched Sunflower Mini Dress - White M,17.99,27.87,No viewable deal,White,5,6,100.00%,0.00%,0.00%
153,467333202,Cap Sleeve Ditsy Floral Slit Midi Dress - Multi-b M,21.99,29.81,No viewable deal,Multi-b,5,2,100.00%,0.00%,0.00%
154,466030211,Floral Print Smocked Back Tie Strap Dress - Green L,15.99,25.73,No viewable deal,Green; PINK; RED; WHITE,4.9,50,96.00%,4.00%,0.00%
155,467860901,Floral Smocked Puff Sleeve Milkmaid Dress - Purple S,21.49,27.71,No viewable deal,Purple; DARK ORANGE,5,15,80.00%,6.67%,13.33%
156,464753803,ZAFUL Ditsy Leaf Sweetheart Neck Mini Dress - Red Wine L,16.99,30.38,No viewable deal,Red,5,17,94.12%,5.88%,0.00%
157,462623402,ZAFUL Floral V Neck A Line Mini Dress - Golden Brown M,14.99,23.75,No viewable deal,Golden,5,30,80.00%,10.00%,10.00%
158,464767002,Tie Front Floral Ruffles Mini Dress - Multi-a M,23.99,33.42,No viewable deal,Multi-a,4.9,12,91.67%,0.00%,8.33%
159,464452905,Button Loop Tie Waist Floral Layered Dress - Purple M,21.03,38.98,No viewable deal,Purple,5,7,71.43%,28.57%,0.00%
160,265829416,ZAFUL Floral Tie Strap Apron Mini Sundress - Blueberry Blue S,13.12,32.58,No viewable deal,Blueberry; PINK ROSE,4.9,798,91.31%,4.79%,3.90%
161,470880202,Daisy Floral Slit One Shoulder Bubble Sleeve Dress - Black M,19.99,28.79,BUY 3 GET 20% OFF  BUY 4 GET 25% OFF,Black,N/A,N/A,N/A,N/A,N/A
162,466251803,ZAFUL Ditsy Floral Ruffle Tie Strap Sun Dress - Lilac L,18.99,28.86,No viewable deal,Lilac,N/A,N/A,N/A,N/A,N/A
163,464332902,ZAFUL Floral Print Mini Bodycon Dress - Midnight Blue M,11.49,17.46,No viewable deal,Midnight,N/A,N/A,N/A,N/A,N/A
164,465780702,ZAFUL Flower Print Tied Flippy Hem Dress - Blue M,18.99,30,No viewable deal,Blue,N/A,N/A,N/A,N/A,N/A
165,465072403,ZAFUL Floral Print Plunging Neck Self Tie Dress - Baby Blue L,15.99,23.19,No viewable deal,Baby,5,2,100.00%,0.00%,0.00%
166,463147401,ZAFUL High Slit Smocked Back Floral Maxi Dress - White S,22.49,33.51,No viewable deal,White,N/A,N/A,N/A,N/A,N/A
167,463653002,ZAFUL Floral Smocked Milkmaid Midi Dress - Black M,22.99,32.42,No viewable deal,Black,5,3,100.00%,0.00%,0.00%
168,462825901,ZAFUL Floral Cinched Ruffle Milkmaid Dress - Antique White S,18.99,24.69,No viewable deal,Antique,5,4,75.00%,0.00%,25.00%
169,470074903,Floral Drawstring Button Loop Mini Dress - Yellow L,21.99,34.08,No viewable deal,Yellow,5,2,100.00%,0.00%,0.00%
170,464651402,ZAFUL Tied Cutout Ditsy Print Mini Dress - Yellow M,15.49,22.77,No viewable deal,Yellow,5,2,50.00%,50.00%,0.00%
171,468371703,V Neck Butterfly Floral Tank Dress - Yellow L,15.99,24.94,No viewable deal,Yellow,5,1,100.00%,0.00%,0.00%
172,469295002,Empire Waist Floral Front Slit Midi Dress - Light Pink M,23.99,36.22,No viewable deal,Light; LIGHT GREEN; LIGHT YELLOW,5,3,100.00%,0.00%,0.00%
173,465618401,ZAFUL Ditsy Floral V Cut Slit Cami Dress - Black S,11.61,23.08,No viewable deal,Black,5,3,100.00%,0.00%,0.00%
174,468911201,Ditsy Floral A Line Plunge Tea Dress - Light Pink S,16.09,28.07,No viewable deal,Light,4,1,100.00%,0.00%,0.00%
175,468907304,Ditsy Print Surplice Cami Dress - Purple S,10.53,25.56,No viewable deal,Purple; BLACK,5,4,100.00%,0.00%,0.00%
176,468892602,Olivia Messler X ZAFUL Tie Ditsy Print Tiered Trapeze Sundress - Green M,10.75,21.59,No viewable deal,Green,5,4,100.00%,0.00%,0.00%
177,468763201,Tiny Floral Tie Front Cut Out Slit Mini Dress - Light Blue S,15.93,28.86,No viewable deal,Light,4.7,3,66.67%,33.33%,0.00%
178,466827802,Olivia Messler X ZAFUL Back Tie Floral Print Flounce Mini Dress - Mauve M,15.99,25.64,No viewable deal,Mauve,4.9,9,88.89%,11.11%,0.00%
179,468501403,Bohemian Floral Print Plunge Neck Maxi Dress - Green L,24.99,33.12,No viewable deal,Green,5,2,100.00%,0.00%,0.00%
180,466880401,ZAFUL Ditsy Print Flounce Tie Sundress - Cadetblue S,18.99,29.82,No viewable deal,Cadetblue,5,3,100.00%,0.00%,0.00%
181,467856402,Satin Jacquard Cross Back Slip Backless Dress - Red M,19.99,24.22,No viewable deal,Red,5,4,100.00%,0.00%,0.00%
182,467861602,Tie Floral Jacquard Bustier Dress - White L,23.49,36.09,No viewable deal,White,5,4,100.00%,0.00%,0.00%
183,466364806,Button Up Tie Back Ditsy Floral Dress - Midnight Blue M,18.99,25.99,No viewable deal,Midnight; RED,4.9,22,77.27%,9.09%,13.64%
184,467943802,Sunflower Print Trapeze T-shirt Dress - White M,13.99,21.93,No viewable deal,White; BLACK; GREEN,5,26,76.92%,3.85%,19.23%
185,464838505,Flower Print Tie Cami Summer Dress - Multi-b S,13.99,18.98,No viewable deal,Multi-b; MULTI-A,4.9,14,85.71%,7.14%,7.14%
186,465854702,Tiny Floral Print Tie Knot Dress - Green M,24.99,29.69,No viewable deal,Green,4.9,28,71.43%,14.29%,14.29%
187,463069303,Floral Print Tie Front A Line Dress - Multi L,18.5,34.18,No viewable deal,Multi,5,22,95.45%,4.55%,0.00%
188,461430402,ZAFUL Tiny Floral Slit Flared Cami Dress - Black M,17.11,28.07,No viewable deal,Black,5,26,88.46%,7.69%,3.85%
189,470880004,Ditsy Floral Flounce Smocked Tie Cami Dress - Light Green Xl,20.49,28.69,BUY 3 GET 20% OFF  BUY 4 GET 25% OFF,Light,N/A,N/A,N/A,N/A,N/A
190,467645702,ZAFUL Ditsy Print Tie Cuff Mini Dress - Light Sea Green M,18.99,24.88,No viewable deal,Light,N/A,N/A,N/A,N/A,N/A
191,466393702,ZAFUL Ditsy Print Ruffle Plunging Vacation Dress - Sea Turtle Green M,19.49,25.53,No viewable deal,Sea,N/A,N/A,N/A,N/A,N/A
192,465703504,ZAFUL Plunge Tiny Floral Puff Sleeve Dress - Bright Yellow Xl,19.49,28.65,No viewable deal,Bright,5,1,0.00%,100.00%,0.00%
193,464450002,ZAFUL Ditsy Print Shirred Cami Dress - Blue Koi M,18.99,25.45,No viewable deal,Blue,N/A,N/A,N/A,N/A,N/A
194,469917902,ZAFUL Flower Ruffle Mini Wrap Dress - Yellow M,19.49,27.29,No viewable deal,Yellow,N/A,N/A,N/A,N/A,N/A
195,461721704,ZAFUL Tiny Floral V Neck Flare Dress - Yellow Xl,20.99,30.86,No viewable deal,Yellow,N/A,N/A,N/A,N/A,N/A
196,470097101,Floral Smocked Puff Sleeve Flounce Dress - Light Yellow S,19.49,28.65,No viewable deal,Light,5,2,100.00%,0.00%,0.00%
197,469851302,Ditsy Floral Tie Cami Frilled Summer Dress - Light Blue M,21.99,33.2,No viewable deal,Light,5,1,100.00%,0.00%,0.00%
198,464662912,ZAFUL Pompom Floral Print A Line Dress - Light Sea Green Xl,16.49,20.79,No viewable deal,Light; KHAKI ROSE; WHITE,4.8,23,91.30%,4.35%,4.35%
199,469294101,Floral Tie Waist Smocked Back Mini Dress - Blue S,15.39,30.18,No viewable deal,Blue,N/A,N/A,N/A,N/A,N/A
200,468908503,Ruched Ruffled Hem Ditsy Floral Dress - Red L,15.51,25.53,No viewable deal,Red,4.7,3,100.00%,0.00%,0.00%
201,468911402,Button Up Tie Waist Ditsy Floral Dress - Light Yellow M,17.26,31.81,No viewable deal,Light,5,2,100.00%,0.00%,0.00%
202,467835701,ZAFUL Floral Print Mini Cami Dress - White S,13.37,30.35,No viewable deal,White,5,1,100.00%,0.00%,0.00%
203,465737104,Floral Printed Belted Surplice Dress - Yellow Xl,22.72,41.99,No viewable deal,Yellow,N/A,N/A,N/A,N/A,N/A
204,468592002,Ditsy Floral Ruffles Cami Wrap Dress - Yellow M,18.87,32.55,No viewable deal,Yellow,5,2,100.00%,0.00%,0.00%
205,468140805,Ditsy Floral Button Front Frilled Tie Dress - Deep Red S,16.49,23.83,No viewable deal,Deep; LIGHT BLUE,5,9,66.67%,22.22%,11.11%
206,467064905,ZAFUL Ruffles Ditsy Floral Cami Mini Dress - Red S,15.99,30.99,No viewable deal,Red; SHAMROCK GREEN; YELLOW,4.9,24,79.17%,4.17%,16.67%
207,464719901,ZAFUL Party Faux Pearl Cami Dress - Sea Turtle Green S,16.99,24.65,No viewable deal,Sea,4.8,6,100.00%,0.00%,0.00%
208,468276703,Belted Floral Leaves Print Mini Dress - Yellow L,19.99,28.8,No viewable deal,Yellow; LIGHT PINK,4.9,9,100.00%,0.00%,0.00%
209,465111908,ZAFUL Floral Print Slit Mini Cami Dress - Dark Slate Blue Xl,10.99,19.7,No viewable deal,Dark; RED; SUN YELLOW,5,25,84.00%,8.00%,8.00%
210,462953501,ZAFUL Floral Print Knotted Slit Flare Dress - Lava Red S,16.99,26.93,No viewable deal,Lava,5,3,100.00%,0.00%,0.00%
211,468188601,Flutter Sleeve Ditsy Floral Mini Dress - Yellow S,17.61,28.34,No viewable deal,Yellow,5,5,40.00%,20.00%,40.00%
212,464462502,ZAFUL Ditsy Floral Tie Draped Cami Dress - Goldenrod M,11.99,21.74,No viewable deal,Goldenrod,5,10,90.00%,10.00%,0.00%
213,464706401,ZAFUL Flounce Floral Print Mini Dress - Sakura Pink S,15.99,23.08,No viewable deal,Sakura,5,15,86.67%,13.33%,0.00%
214,466325501,ZAFUL Ditsy Print Cutout Knotted Slit Dress - Sea Turtle Green S,18.99,29.99,No viewable deal,Sea,5,3,66.67%,33.33%,0.00%
215,464560301,ZAFUL Floral Print Mini Surplice Dress - Crystal Cream S,20.99,29.3,No viewable deal,Crystal,5,8,87.50%,0.00%,12.50%
216,467669101,Flower Embroidered Cami Slit Casual Dress - White S,21.49,33.37,No viewable deal,White,5,4,100.00%,0.00%,0.00%
217,464233001,Tiny Floral Smocked Back Cami Dress - Red S,23.99,30.81,No viewable deal,Red,5,10,90.00%,0.00%,10.00%
218,463648101,ZAFUL Daisy Print Tie Shoulder Ruffle Mini Dress - Mauve S,12.99,21.74,No viewable deal,Mauve; BLACK; GREEN,4.9,33,87.88%,6.06%,6.06%
219,462153310,ZAFUL Ditsy Print Frilled Cami Mini Dress - Bright Yellow M,13.99,21.69,No viewable deal,Bright; GREEN; LAVA RED; LIGHT SALMON,4.8,60,70.59%,21.57%,7.84%
220,464765102,Button Loop Floral Printed Mini Dress - Green M,17.06,32.24,No viewable deal,Green,5,2,100.00%,0.00%,0.00%
221,464234501,Tiny Floral Pintuck Mini Cami Dress - Red S,14.88,27.73,No viewable deal,Red,4.9,18,72.22%,16.67%,11.11%
222,466875301,Ditsy Floral Flounce Smocked Back Milkmaid Dress - White S,23.99,35.76,No viewable deal,White,4.9,14,78.57%,14.29%,7.14%
223,464022001,ZAFUL Daisy Print Flounce Wrap Dress - Black S,9.75,26.05,No viewable deal,Black,4.9,16,75.00%,25.00%,0.00%
224,460014102,ZAFUL Ditsy Floral Ruffles Wrap Mini Dress - Light Green M,16.45,32.58,No viewable deal,Light,4.8,49,87.76%,10.20%,2.04%
225,463069203,Tiny Floral Button Loop Cami Dress - Green L,16.97,38.24,No viewable deal,Green,5,11,90.91%,9.09%,0.00%
226,465820201,Tiny Floral Backless Belted Halter Dress - Cadetblue S,17.99,27.09,No viewable deal,Cadetblue,4.9,21,85.71%,0.00%,14.29%
227,462917701,Tiny Floral Tie Strap Flare Dress - Powder Blue S,20.99,38.14,No viewable deal,Powder; DEEP BLUE; GREEN; PUMPKIN ORANGE,4.8,112,88.10%,5.95%,5.95%
228,463765503,Tiny Floral V Neck Ruffles Dress - Red L,18.67,36.32,No viewable deal,Red,5,5,100.00%,0.00%,0.00%
229,461625703,ZAFUL Jacquard A Line Cami Dress - Warm White L,11.9,23.7,No viewable deal,Warm,4.9,19,68.42%,21.05%,10.53%
230,464186202,Gathered Ditsy Floral Mini Dress - Cadetblue M,15.14,29.99,No viewable deal,Cadetblue,4.8,11,90.91%,0.00%,9.09%
231,463764501,Tiny Floral Smocked Back Tie Straps Dress - Black S,15.23,35.86,No viewable deal,Black,5,11,81.82%,18.18%,0.00%
232,464237705,Floral Leaf Sleeveless Dress - Pink S,15.35,28.06,No viewable deal,Pink,5,13,76.92%,0.00%,23.08%
233,460593101,ZAFUL Ditsy Floral Knot Cami Overlap Dress - Multi-b S,16.99,23.91,No viewable deal,Multi-b,5,39,82.05%,10.26%,7.69%
234,470256203,ZAFUL Casual Tie Dye Floral Tee Dress - Pink L,16.49,23.75,No viewable deal,Pink,N/A,N/A,N/A,N/A,N/A
235,470726701,Ditsy Floral Ruffle High Low Surplice Cami Dress - Deep Red S,23.49,36.64,No viewable deal,Deep,N/A,N/A,N/A,N/A,N/A
236,465515101,ZAFUL Slit Ditsy Print Mini Dress - Deep Blue S,14.99,21.14,No viewable deal,Deep,N/A,N/A,N/A,N/A,N/A
237,463519103,ZAFUL Ditsy Hearts Ruffle Smocked Knot Cami Dress - Yellow L,18.99,27.92,No viewable deal,Yellow,N/A,N/A,N/A,N/A,N/A
238,465379703,ZAFUL Floral Tie Shoulder Cami Summer Dress - White L,15.49,21.38,No viewable deal,White,N/A,N/A,N/A,N/A,N/A
239,465914801,ZAFUL Flower Print Ruffle Mini Wrap Dress - White S,14.99,23.83,No viewable deal,White,N/A,N/A,N/A,N/A,N/A
240,470290201,Ditsy Floral Lantern Sleeve Flounce Dress - Red S,19.99,27.79,No viewable deal,Red,N/A,N/A,N/A,N/A,N/A
241,461569002,ZAFUL Tassels Belted Ditsy Floral Off Shoulder Dress - Sun Yellow M,19.99,29.99,No viewable deal,Sun,N/A,N/A,N/A,N/A,N/A
242,462478302,ZAFUL Flower Ruffle Keyhole Cupped Dress - Mauve M,14.49,22.6,No viewable deal,Mauve,5,2,100.00%,0.00%,0.00%
243,466493302,ZAFUL Flower Print Halter Backless Bodycon Dress - Black M,11.49,17.58,No viewable deal,Black,5,1,100.00%,0.00%,0.00%
244,466952203,ZAFUL Ditsy Print Slip Mini Dress - Multi-a L,16.49,24.74,No viewable deal,Multi-a,5,2,100.00%,0.00%,0.00%
245,465012001,ZAFUL Ditsy Floral Tie Shoulder Cami Flounce Dress - Deep Peach S,18.99,30,No viewable deal,Deep,5,3,100.00%,0.00%,0.00%
246,469014701,Floral Peplum Backless Mini Dress - White S,10.7,23.24,No viewable deal,White,N/A,N/A,N/A,N/A,N/A
247,461799801,ZAFUL Ditsy Print Tie Button Down Sundress - Blue S,9.99,21.59,No viewable deal,Blue,N/A,N/A,N/A,N/A,N/A
248,462011401,ZAFUL Flower Ruffle Cap Sleeve Wrap Dress - Orange Gold S,15.21,29.69,No viewable deal,Orange,5,1,100.00%,0.00%,0.00%
249,468662001,ZAFUL Ditsy Floral A Line Cami Sundress - Yellow S,9.14,21.01,No viewable deal,Yellow,5,1,100.00%,0.00%,0.00%
250,469186505,Flower Ruffle Belted Tie Cuffs Dress - Blue S,20.99,27.5,No viewable deal,Blue; ORANGE,5,1,100.00%,0.00%,0.00%
251,464451118,ZAFUL Tie Ditsy Print Sundress - Light Blue M,14.99,22.76,No viewable deal,Light; DEEP BLUE; LIGHT YELLOW; RED,5,36,91.67%,5.56%,2.78%
252,468911002,Cami Floral Front Slit Mini Dress - Deep Blue M,13.24,22.92,No viewable deal,Deep,5,3,66.67%,0.00%,33.33%
253,466192808,ZAFUL Daisy Print Mini Cami Dress - Black Xl,11.99,21.45,No viewable deal,Black; LIGHT GREEN; LIGHT PURPLE,5,29,96.55%,3.45%,0.00%
254,468916203,Ditsy Floral Overlap Cami Flounce Sundress - Light Pink L,11.86,29.05,No viewable deal,Light,5,3,66.67%,33.33%,0.00%
255,464829405,Ditsy Print Tie Knot Plunging Mini Dress - Light Blue S,21.99,30.99,No viewable deal,Light; DEEP GREEN; RED; YELLOW,4.3,3,66.67%,33.33%,0.00%
256,468881401,Floral Angel Print Cami Mini Dress - Light Pink S,10.78,21.96,No viewable deal,Light,5,2,100.00%,0.00%,0.00%
257,468786701,Cami Tiny Floral Drawstring Surplice Dress - Deep Green S,13.26,23.96,No viewable deal,Deep,5,1,100.00%,0.00%,0.00%
258,468790102,Ditsy Floral Smocked Ruffles Hem Mini Dress - Deep Red M,19.02,33.51,No viewable deal,Deep,5,1,100.00%,0.00%,0.00%
259,466028903,Ditsy Floral Cami Flounce Bohemian Dress - Green L,19.59,38.38,No viewable deal,Green,5,5,60.00%,40.00%,0.00%
260,465017905,ZAFUL Ditsy Print Self Tie Flounce Dress - Yellow S,13.99,24.94,No viewable deal,Yellow; DEEP BLUE; LIGHT GREEN,4.9,29,79.31%,10.34%,10.34%
261,467079604,Layered Sleeve Floral Cold Shoulder Tunic Dress - Papaya Orange Xl,12.99,21.43,No viewable deal,Papaya,N/A,N/A,N/A,N/A,N/A
262,467836002,ZAFUL Floral Print Smocked Mini Dress - Black M,19.99,29.04,No viewable deal,Black,5,6,100.00%,0.00%,0.00%
263,468174301,Peplum Hem Tie Shoulder Floral Mini Dress - Light Purple,22.99,32.99,No viewable deal,Light,5,4,100.00%,0.00%,0.00%
264,466987502,Floral Smocked Frilled Cami Summer Dress - Yellow M,22.99,28.48,No viewable deal,Yellow,5,2,50.00%,0.00%,50.00%
265,464474116,ZAFUL Ditsy Polka Dot Ruffle Knotted Dress - Dark Turquoise Xl,15.99,24.81,No viewable deal,Dark,4.9,16,93.75%,6.25%,0.00%
266,468213006,Ditsy Floral Cap Sleeve Mini Wrap Dress - White M,23.99,29.69,No viewable deal,White; BLACK; DEEP GREEN,5,5,100.00%,0.00%,0.00%
267,462951801,ZAFUL Floral Print Criss Cross Wrap Dress - Orange Pink S,16.49,25.1,No viewable deal,Orange,5,10,100.00%,0.00%,0.00%
268,465708801,Smocked Crochet Panel Button Loop Floral Dress - White S,24.99,34.31,No viewable deal,White,5,12,91.67%,0.00%,8.33%
269,463254603,ZAFUL  Ditsy Print Tiered Surplice Sundress - Ocean Blue L,16.99,27.74,No viewable deal,Ocean,5,5,80.00%,20.00%,0.00%
270,465810502,Tiny Floral Ruffles Cami Dress - White L,24.49,33.83,No viewable deal,White,5,2,50.00%,50.00%,0.00%
271,462063906,ZAFUL Tiny Floral Empire Waist Flare Dress - Red M,13.99,23.7,No viewable deal,Red; SEA TURTLE GREEN,4.8,109,87.06%,10.59%,2.35%
272,464940903,Button Up Cinched Sleeve Ditsy Floral Mini Dress - Red L,13.78,26.67,No viewable deal,Red,4.9,14,71.43%,14.29%,14.29%
273,464450901,ZAFUL Tie Ruffles Ditsy Print Sundress - Red S,17.99,30.58,No viewable deal,Red; DEEP BLUE; YELLOW,4.9,14,85.71%,7.14%,7.14%
274,466124601,ZAFUL Flower Smocked Mock Button Flippy Hem Dress - Black S,19.99,29.39,No viewable deal,Black; YELLOW,5,37,89.19%,10.81%,0.00%
275,465981501,Floral Ruffle Shirred Sundress - Multi S,16.98,35.53,No viewable deal,Multi,5,6,83.33%,16.67%,0.00%
276,465815401,Tiny Floral Empire Waist Cami Dress - Light Blue M,11.62,26.41,No viewable deal,Light,4.9,17,94.12%,0.00%,5.88%
277,458863601,Floral Print Milkmaid Mini Dress - Deep Blue S,17.44,34.7,No viewable deal,Deep,5,9,100.00%,0.00%,0.00%
278,461542102,ZAFUL Tiny Floral Off Shoulder Smocked Dress - Valentine Red M,24.99,34.92,No viewable deal,Valentine,4.7,46,87.50%,6.25%,6.25%
279,464067502,Ditsy Floral Cami Surplice Midi Dress - Pumpkin Orange M,15.66,36.17,No viewable deal,Pumpkin,5,6,83.33%,16.67%,0.00%
280,463658701,ZAFUL Floral Print Off Shoulder Bohemian Overlay Dress - Valentine Red S,20.49,27.66,No viewable deal,Valentine,N/A,N/A,N/A,N/A,N/A
281,463020304,ZAFUL Cami Seam Pockets Floral Maxi Dress - Dark Slate Blue Xl,20.99,27.29,No viewable deal,Dark,N/A,N/A,N/A,N/A,N/A
282,464068702,ZAFUL Front Tie Ditsy Print Cami Dress - Ruby Red M,18.99,30.38,No viewable deal,Ruby,N/A,N/A,N/A,N/A,N/A
283,470535802,Floral Button Loop Tassels Bohemian Dress - Green M,25.99,40.28,No viewable deal,Green,N/A,N/A,N/A,N/A,N/A
284,464833001,ZAFUL Tie Strap Flower Print Flounce Smocked Dress - Bee Yellow S,21.99,31.01,No viewable deal,Bee,N/A,N/A,N/A,N/A,N/A
285,469837404,Sleeveless Floral Crochet Panel Maxi Dress - Red Xl,25.99,34.05,No viewable deal,Red,N/A,N/A,N/A,N/A,N/A
286,470259801,High Neck Poet Sleeve Ditsy Floral Mini Dress - Bright Yellow S,20.99,27.71,No viewable deal,Bright,5,2,100.00%,0.00%,0.00%
287,463147501,ZAFUL Tie Ditsy Print Flounce Sundress - White S,19.49,29.43,No viewable deal,White,N/A,N/A,N/A,N/A,N/A
288,466029404,ZAFUL Ditsy Print Lettuce Trim Open Back Dress - Lava Red Xl,15.49,23.39,No viewable deal,Lava,5,1,100.00%,0.00%,0.00%
289,469839902,Floral Tie Front Ruffles Long Sleeve Dress - Yellow M,20.99,30.44,No viewable deal,Yellow,N/A,N/A,N/A,N/A,N/A
290,469840302,Tiny Floral Tie Shoulder Bustier Dress - White M,20.49,30.33,No viewable deal,White,5,1,0.00%,100.00%,0.00%
291,469427002,Ditsy Floral Slit Ruched Smocked Cuff Tea Dress - Blue M,20.49,30.12,No viewable deal,Blue,N/A,N/A,N/A,N/A,N/A
292,468906902,Tie Shoulder Mini Daisy Print Dress - Black M,14.75,26.51,No viewable deal,Black,N/A,N/A,N/A,N/A,N/A
293,462147401,ZAFUL Flounce Ditsy Print Off The Shoulder Dress - Orange Gold S,16.74,29.59,No viewable deal,Orange,5,1,100.00%,0.00%,0.00%
294,468764701,Ditsy Print Tie Strap Cami Bodycon Dress - White S,15.97,26.99,No viewable deal,White,5,1,100.00%,0.00%,0.00%
295,467080802,Flower Print Low Cut Backless Bohemian Dress - Black L,18.99,32.88,No viewable deal,Black,5,3,100.00%,0.00%,0.00%
296,462141704,ZAFUL Ditsy Floral Plunge Frilled Mini Dress - Yellow Xl,16.99,26.63,No viewable deal,Yellow,5,1,100.00%,0.00%,0.00%
297,466985201,Ditsy Print Tie Strap Cami Slit Dress - White S,18.99,29.4,No viewable deal,White,N/A,N/A,N/A,N/A,N/A
298,467164003,Floral Print Puff Sleeve Button Through Dress - Black L,29.99,36.2,No viewable deal,Black,N/A,N/A,N/A,N/A,N/A
299,468282202,Floral Mesh Bodycon Dress - Light Purple L,22.99,30.86,No viewable deal,Light,5,2,100.00%,0.00%,0.00%
300,466341305,ZAFUL Tie Shoulder Tiny Floral Mini Dress - Deep Red S,15.99,27.48,No viewable deal,Deep; SEA TURTLE GREEN; YELLOW,5,19,73.68%,10.53%,15.79%
301,466878301,ZAFUL Ditsy Print Tie Cinched Smocked Sundress - Sun Yellow S,17.99,26.79,No viewable deal,Sun,5,2,100.00%,0.00%,0.00%
302,466878703,ZAFUL Ditsy Print Back Knot Sundress - Light Green L,14.99,23.58,No viewable deal,Light,5,9,100.00%,0.00%,0.00%
303,465423501,ZAFUL Ditsy Print Crisscross Mini Dress - Sea Blue S,12.99,21.89,No viewable deal,Sea,5,6,83.33%,0.00%,16.67%
304,463833405,Ditsy Print Tie Shoulder Bowknot Mini Dress - Light Green S,18.99,28.3,No viewable deal,Light; GOLDENROD,4.9,49,77.55%,18.37%,4.08%
305,465378903,ZAFUL Ruffle Ditsy Print Mini Cami Dress - Jungle Green L,10.99,20.29,No viewable deal,Jungle,5,3,66.67%,33.33%,0.00%
306,467943903,Ribbed Ditsy Floral T-shirt Dress - White L,12.99,20.24,No viewable deal,White; GREEN,5,3,66.67%,0.00%,33.33%
307,466294902,ZAFUL Flower Print Tie Shoulder Bodycon Dress - Deep Blue M,14.49,18.89,No viewable deal,Deep; LIGHT BLUE; LIGHT PINK,5,15,100.00%,0.00%,0.00%
308,467400002,Tie Collar Rose Floral Smocked Back Milkmaid Dress - Black M,30.99,42.91,No viewable deal,Black,5,4,100.00%,0.00%,0.00%
309,465979201,Floral Shirred A Line Sundress - Purple S,18.99,28.8,No viewable deal,Purple,4.9,27,92.59%,0.00%,7.41%
310,463047702,Tie Back Floral Mini Dress - Blue M,18.71,36.94,No viewable deal,Blue,5,1,0.00%,100.00%,0.00%
311,464402303,Dragon Peacock Feather Oriental Halter Ladder Cut Dress - Cadetblue L,16.22,29.23,No viewable deal,Cadetblue,5,11,100.00%,0.00%,0.00%
312,465885703,Lettuce Trim Ditsy Floral Cami Dress - Green L,22.99,29.66,No viewable deal,Green; ORANGE,5,32,90.62%,0.00%,9.38%
313,463825901,Drawstring Waist Floral Button Up Mini Dress - Multi-a S,14.3,22.26,No viewable deal,Multi-a,4.8,11,90.91%,9.09%,0.00%
314,464454206,Button Loop Drawstring Waist Floral Mini Dress - Multi-b L,19.55,35.51,No viewable deal,Multi-b; MULTI-A,5,13,92.31%,7.69%,0.00%
315,464452102,Tiny Floral Belted High Low Cami Dress - Macaw Blue Green M,17.28,34.99,No viewable deal,Macaw,5,3,66.67%,33.33%,0.00%
316,461408504,ZAFUL Tie Shoulder Floral Slit Mini Dress - Blue Gray Xl,12.99,23.08,No viewable deal,Blue,5,26,88.46%,3.85%,7.69%
317,464065903,Long Sleeve Ditsy Floral Gathered Milkmaid Dress - Purple L,19.2,35.76,No viewable deal,Purple,4.7,7,71.43%,0.00%,28.57%
318,447124202,Ditsy Floral Ruffles Wrap Mini Dress - White M,22.99,30.57,No viewable deal,White,4.9,34,79.41%,17.65%,2.94%
319,471283304,Flower Print Plunging Ruffle Wrap Dress - Light Yellow Xl,21.99,32.11,No viewable deal,Light,N/A,N/A,N/A,N/A,N/A
320,470812201,ZAFUL Ditsy Print Ruffle Wrap Dress - Deep Blue S,18.49,25.52,No viewable deal,Deep,N/A,N/A,N/A,N/A,N/A
321,463020402,ZAFUL Tie Shoulder Floral Tassels Maxi Dress - Milk White M,23.49,31.01,No viewable deal,Milk,N/A,N/A,N/A,N/A,N/A
322,464786404,ZAFUL Cami Tie Shoulder Floral Midi Dress - Dark Slate Blue Xl,15.99,20.95,No viewable deal,Dark,N/A,N/A,N/A,N/A,N/A
323,464862402,ZAFUL Tie Front Button Up Floral Maxi Dress - Warm White M,23.49,35.7,No viewable deal,Warm,5,1,100.00%,0.00%,0.00%
324,469793503,Ditsy Floral Wrap Dress - Green L,19.99,26.79,No viewable deal,Green,N/A,N/A,N/A,N/A,N/A
325,463399204,ZAFUL Floral Leaves Cutout Slit Maxi Dress - Sun Yellow Xl,22.66,56.86,No viewable deal,Sun,5,1,0.00%,0.00%,100.00%
326,469024202,Floral Cold Shoulder Surplice Dress - Light Yellow M,13.83,29.6,No viewable deal,Light,N/A,N/A,N/A,N/A,N/A
327,469793802,Tiny Floral Tie Waist Surplice Mini Dress - Deep Red M,12.77,27.99,No viewable deal,Deep,5,1,100.00%,0.00%,0.00%
328,464070904,ZAFUL Leaf Print Knot Shirred Tie Sundress - Pink Rose Xl,15.14,34.71,No viewable deal,Pink,5,2,100.00%,0.00%,0.00%
329,466192401,ZAFUL Ditsy Print Slit Mini Cami Dress - Light Green S,12.49,21.74,No viewable deal,Light,5,1,0.00%,0.00%,100.00%
330,465901401,ZAFUL Ditsy Print Ruched Butterfly Print Mermaid Dress - Light Salmon S,19.99,28.07,No viewable deal,Light,4.5,2,100.00%,0.00%,0.00%
331,464309101,Floral Print Knotted Back Sleeveless Dress - Multi-a S,21.99,28.07,No viewable deal,Multi-a,N/A,N/A,N/A,N/A,N/A
332,468407402,Cinched Twist Ditsy Floral Cami Dress - White M,16.99,27.16,No viewable deal,White,4.8,4,100.00%,0.00%,0.00%
333,467053701,Tiny Floral Wrap Mini Dress - Blue S,22.99,36.46,No viewable deal,Blue,4.8,6,60.00%,40.00%,0.00%
334,468189101,Belted Flutter Sleeve Ditsy Floral Mini Dress - Deep Yellow Xs,15.57,32.17,No viewable deal,Deep,5,4,100.00%,0.00%,0.00%
335,465060807,Tie Strap Smocked Back Floral Print Cami Dress - Bee Yellow L,20.99,29.59,No viewable deal,Bee; CADETBLUE,4.9,16,93.75%,6.25%,0.00%
336,467861702,Floral Tie A Line Sundress - Black M,21.99,31.78,No viewable deal,Black,N/A,N/A,N/A,N/A,N/A
337,468201102,Ditsy Floral Ruffles Cinched Mini Dress - Light Pink M,20.99,25.73,No viewable deal,Light,N/A,N/A,N/A,N/A,N/A
338,467838501,ZAFUL Daisy Print Bowknot Cutout Mini Dress - Cadetblue S,21.99,25.92,No viewable deal,Cadetblue,N/A,N/A,N/A,N/A,N/A
339,466317707,ZAFUL Ditsy Floral Low Cut Tie Cutout Slit Dress - Light Pink L,19.99,30.4,No viewable deal,Light; BLUE; YELLOW,5,9,77.78%,11.11%,11.11%
340,468039003,Cami Floral Lace Panel Bodycon Dress - White L,15.99,28.46,No viewable deal,White,5,5,100.00%,0.00%,0.00%
341,462520301,ZAFUL Flower Plunging Button Embellished Mini Dress - White S,18.49,24.29,No viewable deal,White,5,3,0.00%,33.33%,66.67%
342,467398602,Cut Out Back Bow Tie Floral Mini Dress - Blue L,30.99,36.56,No viewable deal,Blue,N/A,N/A,N/A,N/A,N/A
343,466032403,Smocked Ditsy Floral Tie Collar Milkmaid Dress - Deep Sky Blue L,24.99,33.59,No viewable deal,Deep,4.8,4,75.00%,0.00%,25.00%
344,464765701,Tie Collar Ditsy Floral Cami Dress - Orange S,24.99,30.58,No viewable deal,Orange,N/A,N/A,N/A,N/A,N/A
345,467673902,Bow Tie Smocked Layered Ditsy Floral Dress - Orange Gold M,16.99,25.15,No viewable deal,Orange,5,3,100.00%,0.00%,0.00%
346,462587101,ZAFUL Floral Mini Cami Dress - Avocado Green S,14.99,23.7,No viewable deal,Avocado,5,12,83.33%,8.33%,8.33%
347,467333704,Ditsy Floral Plunging Neck Ruffled Hem Mini Dress - Living Coral Xl,21.99,30.58,No viewable deal,Living,5,4,75.00%,25.00%,0.00%
348,464341803,ZAFUL Tie Ditsy Print Cami Dress - Blue Gray L,10.94,29.24,No viewable deal,Blue,5,13,100.00%,0.00%,0.00%
349,466631802,Flower Print Tie Shoulder Ruched Bodycon Dress - Burnt Pink M,20.49,30.78,No viewable deal,Burnt,5,1,100.00%,0.00%,0.00%
350,466876108,Ditsy Leaf Knotted Cami Flounce Dress - Green Onion Xl,14.17,33.52,No viewable deal,Green; YELLOW,4.9,12,100.00%,0.00%,0.00%
351,466031701,Ditsy Floral Puff Sleeve Milkmaid Dress - Salad Green M,17.72,33.11,No viewable deal,Salad,5,4,100.00%,0.00%,0.00%
352,465719003,Hydrogen Balloon Floral Belted Shirt Dress - Multi-a L,15.68,27.55,No viewable deal,Multi-a,5,2,100.00%,0.00%,0.00%
353,465983101,Tiny Floral Smocked Back Buttoned Dress - Deep Blue S,19.99,31.35,No viewable deal,Deep; GREEN,4.9,28,50.00%,14.29%,35.71%
354,465985504,Floral Print Dotted Buttoned Cami Dress - Deep Blue S,11.68,27.66,No viewable deal,Deep; PURPLE,4.9,8,62.50%,25.00%,12.50%
355,461492701,ZAFUL Flower Surplice Overlap String Belted Dress - Multi S,14.99,31.18,No viewable deal,Multi,4.9,26,73.08%,26.92%,0.00%
356,462899903,ZAFUL Tie Collar Floral Jacquard Oriental Mini Dress - Red Wine L,19.99,28.11,No viewable deal,Red,4.6,41,66.67%,25.00%,8.33%
357,464032803,ZAFUL Tie Shoulder Floral Jacquard Slit Oriental Dress - Blue L,23.99,35.27,No viewable deal,Blue,5,16,56.25%,12.50%,31.25%
358,465810603,ZAFUL Flower Print Bodycon Mini Dress - Cadetblue L,12.49,18.24,No viewable deal,Cadetblue,N/A,N/A,N/A,N/A,N/A
359,469828103,Ditsy Floral V Neck Belted Wrap Long Dress - Blue L,20.99,32.53,No viewable deal,Blue,N/A,N/A,N/A,N/A,N/A
360,464794001,ZAFUL Tie Shoulder Cinched Floral Leaves Print Dress - Beige S,14.29,31.69,No viewable deal,Beige,N/A,N/A,N/A,N/A,N/A
361,468705504,Ditsy Floral Ruffles Layered Sleeve Wrap Dress - Red Xl,19.99,29.05,No viewable deal,Red,4.8,4,100.00%,0.00%,0.00%
362,467081204,Flounced Hem Floral Cold Shoulder Asymmetrical Dress - Cadetblue Xl,16.99,29.81,No viewable deal,Cadetblue,4,1,100.00%,0.00%,0.00%
363,468186401,Flutter Sleeve Tie Waist Ditsy Floral Dress - Green Xs,12.7,30.79,No viewable deal,Green,N/A,N/A,N/A,N/A,N/A
364,468189003,Flutter Sleeve Tie Waist Tiny Floral Dress - Red M,14.01,32.53,No viewable deal,Red,5,1,100.00%,0.00%,0.00%
365,467861203,Daisy Print A Line Sundress - White L,22.99,30.53,No viewable deal,White,5,1,100.00%,0.00%,0.00%
366,466141002,ZAFUL Floral Smocked Back Cami Dress - Cadetblue M,16.99,22.43,No viewable deal,Cadetblue,5,1,100.00%,0.00%,0.00%
367,467645603,Cami Tie Collar Ditsy Floral Dress - Bee Yellow Xl,21.99,34.17,No viewable deal,Bee,N/A,N/A,N/A,N/A,N/A
368,464791101,ZAFUL Flounce Ditsy Print Mini Dress - Bee Yellow S,15.99,25.71,No viewable deal,Bee,5,2,100.00%,0.00%,0.00%
369,467400601,Button Up Puff Sleeve Ditsy Floral Dress - Multi-a M,27.99,32.65,No viewable deal,Multi-a,5,1,0.00%,0.00%,100.00%
370,467401401,Tie Collar Ditsy Floral Mini Dress - Multi-a M,26.99,33.35,No viewable deal,Multi-a,N/A,N/A,N/A,N/A,N/A
371,467672901,Flower Chain Print Cold Shoulder Slit Mandarin Dress - Green S,25.99,32.39,No viewable deal,Green,N/A,N/A,N/A,N/A,N/A
372,467401302,Tie Shoulder Cut Out Back Ditsy Floral Dress - Multi-a L,26.99,32.18,No viewable deal,Multi-a,5,2,100.00%,0.00%,0.00%
373,467164505,Floral Off Shoulder Smocked Flounce Dress - Green M,17.26,36.46,No viewable deal,Green; RED,4.5,2,100.00%,0.00%,0.00%
374,464462101,Ruffled Straps Floral Mini Dress - Red S,14.79,28.19,No viewable deal,Red,5,1,100.00%,0.00%,0.00%
375,465984807,Floral Print Dotted Tied Flare Dress - Pink S,13.65,28.48,No viewable deal,Pink,5,3,66.67%,0.00%,33.33%
376,466000601,Cami Cinched Front Floral Mini Dress - Multi-a S,12.2,31.27,No viewable deal,Multi-a,5,5,80.00%,20.00%,0.00%
377,465162803,Tie Collar Smocked Back Ditsy Floral Cami Dress - Multi-a L,12.72,35.17,No viewable deal,Multi-a,5,4,100.00%,0.00%,0.00%
378,463768302,ZAFUL Off Shoulder Frilled Smocked Flower Mini Dress - White M,15.58,34.17,No viewable deal,White,4.7,61,90.00%,5.00%,5.00%
379,464453202,Back Zipper Ditsy Floral Mini Dress - Light Salmon M,20.99,30.23,No viewable deal,Light,4.8,59,94.59%,0.00%,5.41%
380,464641503,Mock Buttons Ditsy Floral Mini Dress - Chestnut Red M,15.51,28.65,No viewable deal,Chestnut,4.8,4,100.00%,0.00%,0.00%
381,464011702,ZAFUL Lettuce Trim Tie Back Floral Mini Dress - Tron Blue M,17.99,27.99,No viewable deal,Tron,4.8,42,91.67%,8.33%,0.00%
382,463020103,ZAFUL Flower Tie Front Sweetheart Mini Dress - Cyan Opaque L,17.99,30.4,No viewable deal,Cyan,5,22,95.45%,0.00%,4.55%
383,467081402,Flower Leaf Cross Backless Slit Long Tropical Dress - Cadetblue L,19.86,31.59,No viewable deal,Cadetblue,5,2,100.00%,0.00%,0.00%
384,462953103,ZAFUL Tie Collar Bustier Ditsy Floral Mini Dress - Blue Koi L,16.99,24.81,No viewable deal,Blue,4.5,2,50.00%,0.00%,50.00%
385,279617603,Floral Print Open Back Midi Surplice Dress - White M,8.61,30.54,No viewable deal,White,5,1,100.00%,0.00%,0.00%
386,375924101,Flower Palm Bandeau Slit Dress - Milk White S,18.04,30.65,No viewable deal,Milk,4.9,76,88.73%,4.23%,7.04%
387,374311901,ZAFUL Tassel Flounce Flower Print Long Dress - Blanched Almond S,28.3,50.31,No viewable deal,Blanched,4.8,79,87.23%,8.51%,4.26%
388,459940001,ZAFUL Ditsy Print Plunging Slit Tie Cuffs Dress - Beige S,15.85,26.97,No viewable deal,Beige,5,3,100.00%,0.00%,0.00%
389,466735303,Ditsy Print Backless Cami Dress - Cadetblue L,14.99,25.06,No viewable deal,Cadetblue,4.7,7,71.43%,14.29%,14.29%
390,460350802,ZAFUL Floral Long Sleeve Ruffles Wrap Dress - Pink M,10.26,32.11,No viewable deal,Pink,5,3,100.00%,0.00%,0.00%
391,465812802,Floral Jacquard Button Up Flare Dress - Pink L,20.31,36.94,No viewable deal,Pink,5,4,100.00%,0.00%,0.00%
392,464620302,Ruffled Flower Print A Line Dress - Black M,16.72,27.59,No viewable deal,Black,5,6,83.33%,0.00%,16.67%
393,461735904,ZAFUL Ditsy Print Plunging Ruffle Cuffs Midi Dress - Chestnut Xl,17.88,33.58,No viewable deal,Chestnut,5,2,100.00%,0.00%,0.00%
394,463670401,Tiny Floral Knotted V Neck Dress - White S,9.98,33.8,No viewable deal,White,4.5,32,100.00%,0.00%,0.00%
395,368806402,Plant Print Asymmetrical Dress - White M,9.3,33.86,No viewable deal,White,4.5,27,100.00%,0.00%,0.00%
396,462013201,ZAFUL Ditsy Print Knot Frilled Sundress - Yellow S,14.98,26.84,No viewable deal,Yellow,4.5,20,100.00%,0.00%,0.00%
397,463673002,Floral Ruffles Tie Wasit Long Sleeve Dress - Orange Gold M,20.37,36.71,No viewable deal,Orange,5,1,100.00%,0.00%,0.00%
398,461728203,ZAFUL Ditsy Floral Tie Back Cut Out Mini Dress - Slate Blue L,17.49,26.06,No viewable deal,Slate,5,8,100.00%,0.00%,0.00%
399,460278101,Floral Print Ruffle A Line Dress - Black S,19.49,28.65,No viewable deal,Black,5,6,100.00%,0.00%,0.00%
400,462769501,ZAFUL Flower Slit Cami Bodycon Dress - Black S,13.99,18.75,No viewable deal,Black,4.8,5,100.00%,0.00%,0.00%
401,460562403,ZAFUL Ditsy Print Plunging Flippy Hem Dress - Red Wine L,9.15,31.16,No viewable deal,Red,4.6,34,100.00%,0.00%,0.00%
402,461311901,ZAFUL Ditsy Print Flounce Surplice Dress - Light Pink S,9.06,31.16,No viewable deal,Light,4.9,8,87.50%,12.50%,0.00%
403,463567201,Ditsy Print Ruffle Hem Midi Wrap Dress - Yellow S,8.65,31.35,No viewable deal,Yellow,4.9,18,94.44%,5.56%,0.00%
404,460093403,ZAFUL Ditsy Floral Frilled Smocked Waist Dress - Khaki Rose L,9.26,34.06,No viewable deal,Khaki,4.7,35,100.00%,0.00%,0.00%
405,461102201,ZAFUL Floral Print Cowl Front Cami Dress - Dark Turquoise S,6.08,22.89,No viewable deal,Dark,4.7,45,82.35%,17.65%,0.00%
406,460115103,ZAFUL Belted Ditsy Floral Ruffles Long Sleeve Dress - Cadetblue L,15.88,32.99,No viewable deal,Cadetblue,5,4,100.00%,0.00%,0.00%
407,461298101,ZAFUL Long Sleeve Floral Belted Ruffles Surplice Dress - Black S,27.99,42.26,No viewable deal,Black,5,1,100.00%,0.00%,0.00%
408,462848501,ZAFUL Tie Shoulder Oriental Floral Jacquard Slit Cami Dress - Yellow S,18.99,29.89,No viewable deal,Yellow,5,8,100.00%,0.00%,0.00%
409,457639203,ZAFUL Flower Print Lace Up Flare Sleeve Tassel Dress - Multi-a L,20.99,32.74,No viewable deal,Multi-a,N/A,N/A,N/A,N/A,N/A
410,458305001,ZAFUL Ditsy Floral Smock Waist Long Sleeve Dress - Blue Gray S,21.99,30.13,No viewable deal,Blue,5,3,100.00%,0.00%,0.00%
411,458010301,Floral Print Crotchet Trim Long Sleeve Mini Dress - Black Xs,27.99,36.95,No viewable deal,Black,5,4,100.00%,0.00%,0.00%
412,456266802,ZAFUL Flower Print Midi Flounce Wrap Casual Dress - Multi-a M,25.49,33.65,No viewable deal,Multi-a,4.9,8,87.50%,12.50%,0.00%
413,454510803,ZAFUL Floral Flare Sleeve Off The Shoulder Dress - Goldenrod L,19.99,28.99,No viewable deal,Goldenrod,5,5,100.00%,0.00%,0.00%
414,454352102,Tassels Tied Back Off Shoulder Floral Dress - Yellow M,8.97,24.14,No viewable deal,Yellow,5,12,91.67%,0.00%,8.33%
415,454378304,ZAFUL Ditsy Print Ruffle Wrap Dress - Deep Blue Xl,23.49,36.64,No viewable deal,Deep,4.7,6,66.67%,33.33%,0.00%
416,451120503,ZAFUL Frilled Tiny Floral Mini Surplice Dress - Beige L,9.68,32.57,No viewable deal,Beige,4.8,4,75.00%,0.00%,25.00%
417,454512403,ZAFUL Flower Butterfly Sleeve High Waist A Line Dress - Cadetblue L,23.49,33.12,No viewable deal,Cadetblue,5,7,100.00%,0.00%,0.00%
418,454475202,ZAFUL Long Sleeve Floral Mini Wrap Dress - Midnight Blue M,21.49,32.24,No viewable deal,Midnight,5,4,75.00%,25.00%,0.00%
419,450099901,ZAFUL Daisy Floral Print Short Milkmaid Dress - Chestnut Red S,16.16,26.51,No viewable deal,Chestnut,5,13,76.92%,15.38%,7.69%
420,451119901,ZAFUL Ditsy Print Waist Tie Surplice Dress - Lava Red S,20.99,32.74,No viewable deal,Lava,5,32,20.00%,40.00%,40.00%
421,447771017,ZAFUL Buttons Floral Print A Line Cami Dress - Medium Sea Green M,10.29,30.23,No viewable deal,Medium,5,163,93.67%,5.06%,1.27%
422,452513103,Tiny Floral Asymmetric Wrap Dress - Chestnut Red L,15.46,26.79,No viewable deal,Chestnut,5,43,96.55%,3.45%,0.00%
423,452194104,Off Shoulder Tiny Floral High Low Dress - Red Wine Xl,21.99,31.45,No viewable deal,Red,5,2,50.00%,0.00%,50.00%
424,450070603,Off Shoulder Smocked Floral High Low Dress - White L,21.99,31.01,No viewable deal,White,5,3,66.67%,33.33%,0.00%
425,440238306,ZAFUL Flower Off Shoulder Flare Sleeve Dress - Bee Yellow L,22.99,33.11,No viewable deal,Bee,4.9,11,90.00%,10.00%,0.00%
426,451543709,Floral Print Crochet Panel Knotted Cami Dress - Multi-b S,18.99,31.49,No viewable deal,Multi-b,4.9,76,93.33%,1.33%,5.33%
427,450392303,V Neck Ruffles Floral Print Wrap Dress - Crystal Blue L,7.77,28.07,No viewable deal,Crystal,5,15,93.33%,0.00%,6.67%
428,450246203,ZAFUL Ditsy Floral Tie Shoulder Smocked Midi Dress - Greenish Blue L,10.55,36.65,No viewable deal,Greenish,4.9,9,100.00%,0.00%,0.00%
429,450044903,ZAFUL Ditsy Print Tie Sundress - Bee Yellow L,12.99,22.49,No viewable deal,Bee,4.9,128,88.51%,6.90%,4.60%
430,449768001,ZAFUL Floral Tie Shoulder Flounce Cami Summer Dress - Corn Yellow S,19.49,30.6,No viewable deal,Corn,5,6,66.67%,33.33%,0.00%
431,449743902,Floral Print Ruffles Mini Cami Dress - White M,14.99,20.09,No viewable deal,White,5,33,85.71%,14.29%,0.00%
432,449502004,Floral Stripes Ruffles Cami Mini Dress - Multi-a Xl,20.49,27.66,No viewable deal,Multi-a,5,1,0.00%,100.00%,0.00%
433,442487301,ZAFUL Floral Smocked Tie Shoulder Slit Dress - Orange Gold S,9.04,30.01,No viewable deal,Orange,5,10,90.00%,10.00%,0.00%
434,447304902,ZAFUL Flounce Cami Flower Belted Dress - Sea Turtle Green M,16.16,29.82,No viewable deal,Sea,4.8,8,75.00%,12.50%,12.50%
435,447349305,ZAFUL Floral Tie Shoulder Flounce Mini Dress - Night M,6.5,31.76,No viewable deal,Night,4.9,15,92.86%,0.00%,7.14%
436,448920201,Half Buttoned Floral A Line Midi Dress - Yellow S,24.49,34.78,No viewable deal,Yellow,5,3,66.67%,0.00%,33.33%
437,445878803,ZAFUL Cut Out Floral Long Cami Bohemian Dress - Multi L,17.71,31.45,No viewable deal,Multi,5,3,100.00%,0.00%,0.00%
438,448529104,Square Floral Ruffles Mini Dress - Multi Xl,17.11,31.69,No viewable deal,Multi,5,19,83.33%,0.00%,16.67%
439,447647201,Tied Collar Floral Cami Mini Dress - Black S,12.83,24.46,No viewable deal,Black,4.9,15,73.33%,6.67%,20.00%
440,447081805,Cami Floral Belted Flounce Dress - Deep Blue S,14.36,26.16,No viewable deal,Deep,4.9,40,77.78%,5.56%,16.67%
441,439933402,Half Buttoned Daisy Print A Line Dress - Yellow M,25.99,39.76,No viewable deal,Yellow,5,1,100.00%,0.00%,0.00%
442,446635501,Tied Straps Floral Ruffles Mini Dress - White S,20.36,39,No viewable deal,White,5,27,80.00%,4.00%,16.00%
443,446640103,Smocked Back Tiny Floral Mini Dress - Blue L,19.63,32.42,No viewable deal,Blue,4.9,9,50.00%,37.50%,12.50%
444,447447501,Back Zipper Floral Cami Mini Dress - White S,12.6,24.32,No viewable deal,White,4.9,26,77.78%,0.00%,22.22%
445,445981501,Button Up Floral Midi A Line Dress - Red S,20.99,32.74,No viewable deal,Red,5,2,100.00%,0.00%,0.00%
446,444951602,Knotted Ruffles Floral A Line Dress - White M,25.49,39,No viewable deal,White,5,1,100.00%,0.00%,0.00%
447,443873701,ZAFUL Floral Slit Off Shoulder Maxi Dress - Mint Green S,20.14,39.18,No viewable deal,Mint,5,7,100.00%,0.00%,0.00%
448,399922005,Floral Print Ruffles Belted Surplice Dress - Multi-a S,17.34,29.71,No viewable deal,Multi-a,5,169,93.24%,3.38%,3.38%
449,399549509,Ruffled Floral Short Cami Dress - Pink S,22.99,31.27,No viewable deal,Pink,5,8,75.00%,25.00%,0.00%
450,406143501,ZAFUL Floral Ruffle Mini Dress - Apricot S,19.99,28.59,No viewable deal,Apricot,5,11,80.00%,0.00%,20.00%
451,430850204,ZAFUL Criss Cross Strappy Pineapple Floral Dress - Lapis Blue Xl,6.79,26.21,No viewable deal,Lapis,4.9,9,77.78%,0.00%,22.22%
452,438331105,Back Zipper Floral Cami Dress - White S,20.49,27.66,No viewable deal,White,5,3,66.67%,33.33%,0.00%
453,405272503,ZAFUL Ruffles Half Buttoned Floral Mini Dress - Bee Yellow L,20.49,29.92,No viewable deal,Bee,5,8,62.50%,0.00%,37.50%
454,438779201,Floral Smocked Off Shoulder Mini Dress - White S,16.49,27.92,No viewable deal,White,4.9,40,68.97%,27.59%,3.45%
455,368804801,Floral Shirred Maxi Cami Dress - Multi S,24.49,38.94,No viewable deal,Multi,5,7,100.00%,0.00%,0.00%
456,368800603,Floral Cutout Cami Dress - Yellow L,25.99,38.21,No viewable deal,Yellow,5,6,80.00%,0.00%,20.00%
457,399612003,Ruffled Tied Floral Cami Dress - Yellow L,20.49,28.69,No viewable deal,Yellow,N/A,N/A,N/A,N/A,N/A
458,406496303,Floral Bodycon Mini Dress - Red L,20.49,31.76,No viewable deal,Red,5,1,100.00%,0.00%,0.00%
459,406503702,Bohemian Floral Wrap Dress - Blue M,23.99,35.03,No viewable deal,Blue,5,6,100.00%,0.00%,0.00%
460,403295003,Backless Slit Floral Maxi Dress - Midnight Blue L,26.99,38.33,No viewable deal,Midnight,5,58,88.89%,5.56%,5.56%
461,405268503,ZAFUL Ruffles Floral A Line Dress - Bean Red L,25.49,39.51,No viewable deal,Bean,4.8,4,100.00%,0.00%,0.00%
462,343131304,Off Shoulder Bowknot Floral Print Dress - Dark Sea Green Xl,6.69,22.6,No viewable deal,Dark,4.9,93,79.78%,20.22%,0.00%
463,374306102,ZAFUL Asymmetric Floral Tassel Boho Dress - Black M,25.49,35.18,No viewable deal,Black,5,6,60.00%,40.00%,0.00%
464,406261001,Ruffle Flower Wrap Dress - Multi M,31.99,42.55,No viewable deal,Multi,5,1,100.00%,0.00%,0.00%
465,392841401,Stripes Floral Ruffles Cami Dress - Brown Sugar M,26.49,38.94,No viewable deal,Brown,5,2,0.00%,100.00%,0.00%
466,253124507,Plunging Neck Floral Ruffles Dress - Green S,24.99,33.12,No viewable deal,Green,4.9,186,77.68%,13.39%,8.93%
467,392810902,Low Cut Lace Panel Maxi Dress - Warm White M,27.1,48.3,No viewable deal,Warm,4.8,19,81.25%,12.50%,6.25%
468,378660801,ZAFUL Floral Button Up Off Shoulder Dress - Yellow S,23.99,38.14,No viewable deal,Yellow,5,7,100.00%,0.00%,0.00%
469,375128603,ZAFUL Floral Slit Tassel Long Sleeve Dress - Black L,10.99,49.26,No viewable deal,Black,4.9,73,92.50%,2.50%,5.00%
470,374611703,ZAFUL Floral Print Cut Out Flare Dress - Orange Gold L,16.49,24.24,No viewable deal,Orange,5,7,71.43%,0.00%,28.57%
471,375044402,Crossover Maxi Floral Tea Dress - Black M,9.85,32.39,No viewable deal,Black,4.9,93,90.12%,2.47%,7.41%
472,374320301,ZAFUL Boho Floral Backless Ruffled Dress - Red S,11.42,40.49,No viewable deal,Red,5,52,100.00%,0.00%,0.00%
473,375909705,Flower Ruffle Wrap Dress - Black S,17.99,24.29,No viewable deal,Black,5,98,84.52%,13.10%,2.38%
474,352975901,ZAFUL Floral Print Mini Wrap Tea Dress - White S,17.53,28.28,No viewable deal,White,4.9,140,83.46%,10.53%,6.02%
475,338114204,ZAFUL Floral Long Sleeves A Line Dress - Red Wine Xl,15.63,26.7,No viewable deal,Red,5,8,85.71%,14.29%,0.00%
476,376418302,Flare Sleeve Floral Stripes Shirt Dress - Multi M,27.49,41.51,No viewable deal,Multi,5,2,100.00%,0.00%,0.00%
477,375920304,Floral Mini Dress - Milk White Xl,16.99,24.3,No viewable deal,Milk,5,2,0.00%,0.00%,0.00%
478,282276001,ZAFUL Tropical Print Bell Sleeve Dress - Red S,25.99,37.43,No viewable deal,Red,4.8,5,100.00%,0.00%,0.00%
479,366061401,Floral Print V Neck Wrap Dress - Black M,21.49,30.52,No viewable deal,Black,4.9,8,100.00%,0.00%,0.00%
480,280946302,ZAFUL Floral Long Sleeve A Line Dress - Multi M,25.49,39,No viewable deal,Multi,4.9,7,0.00%,0.00%,0.00%
481,280072802,Tiny Floral V Neck Dress - Red M,29.49,44.24,No viewable deal,Red,N/A,N/A,N/A,N/A,N/A
482,280217703,Square Neck Overlap Floral Maxi Dress - Multi Xl,22.18,41.24,No viewable deal,Multi,5,3,100.00%,0.00%,0.00%
483,226152806,Batwing Floral Cut Out Midi Dress - Midnight Blue L,26.57,46.49,No viewable deal,Midnight,4.9,175,92.86%,2.86%,4.29%
484,279797103,Floral Long Sleeve Maxi Dress - Multi S,31.99,42.55,No viewable deal,Multi,5,2,100.00%,0.00%,0.00%
485,279050903,Flower Plaid Cold Shoulder Flounce Dress - Multi Xl,29.99,45.88,No viewable deal,Multi,5,6,100.00%,0.00%,0.00%
486,277448201,Floral Faux Wrap Maxi Dress - Multi S,28.75,55.42,No viewable deal,Multi,5,23,88.89%,5.56%,5.56%
487,242021808,Slit Floral Criss Cross Maxi Dress - Khaki Rose M,26.61,44.79,No viewable deal,Khaki,4.9,362,90.76%,3.36%,5.88%
488,271590201,Overlap Floral Surplice Dress - White S,29.49,42.17,No viewable deal,White,4.8,4,100.00%,0.00%,0.00%
489,276314803,Ruffles Cut Out Tie Front Mini Dress - Cherry Red L,9.99,42.82,No viewable deal,Cherry,5,9,88.89%,11.11%,0.00%
490,275758803,Cut Out Floral Overlap Dress - White Xl,22.99,32.19,No viewable deal,White,4.9,69,94.12%,0.00%,5.88%
491,271994701,Floral Cut Out Cami Dress - White S,24.49,33.06,No viewable deal,White,4.9,8,83.33%,16.67%,0.00%
492,254580102,Embroidered Overlay Off Shoulder Dress - Black M,25.99,36.65,No viewable deal,Black,5,15,80.00%,10.00%,10.00%
493,253094902,V Neck Cut Out Floral Flare Dress - Floral M,22.99,36.55,No viewable deal,Floral,4.4,14,100.00%,0.00%,0.00%
494,253294201,Floral Button Up Lace Panel Maxi Dress - Floral S,26.49,38.94,No viewable deal,Floral,5,8,100.00%,0.00%,0.00%
495,252664702,Belted Floral Drawstring Mini Dress - Brown M,15.45,29.81,No viewable deal,Brown,4.8,90,77.27%,13.64%,9.09%
496,252663503,Plunging Neck Ruffles Floral Print Dress - Earthy L,17.13,32.45,No viewable deal,Earthy,4.8,63,86.49%,13.51%,0.00%
497,214838801,Midi Pencil Slip Dress - Purplish Blue S,19.49,25.92,No viewable deal,Purplish,N/A,N/A,N/A,N/A,N/A
